{"cameraMode":{"drawMode":0,"name":"Shaded","section":"Shading Mode"},"sceneLighting":true,"audioPlay":false,"sceneViewState":{"showFog":true,"showMaterialUpdate":false,"showSkybox":false,"showFlares":true,"showImageEffects":true,"showParticleSystems":true},"in2DMode":false,"pivot":{"x":1.8292438983917237,"y":1.1299998760223389,"z":2.6808502674102785},"rotation":{"x":0.15184523165225984,"y":-0.8199512958526611,"z":0.2538822889328003,"w":0.49014025926589968},"size":16.004150390625,"orthographic":false}