{"cameraMode":{"drawMode":0,"name":"Shaded","section":"Shading Mode"},"sceneLighting":true,"audioPlay":false,"sceneViewState":{"showFog":true,"showMaterialUpdate":false,"showSkybox":false,"showFlares":true,"showImageEffects":true,"showParticleSystems":true},"in2DMode":false,"pivot":{"x":1.8292436599731446,"y":2.1100001335144045,"z":2.430850028991699},"rotation":{"x":-0.013479012995958329,"y":0.9817097187042236,"z":-0.08010751754045487,"w":-0.172871395945549},"size":20.005186080932618,"orthographic":true}