{"cameraMode":{"drawMode":0,"name":"Shaded","section":"Shading Mode"},"sceneLighting":true,"audioPlay":false,"sceneViewState":{"showFog":true,"showMaterialUpdate":false,"showSkybox":true,"showFlares":true,"showImageEffects":true,"showParticleSystems":true},"in2DMode":false,"pivot":{"x":7.9873046875,"y":-10.323711395263672,"z":-30.55462646484375},"rotation":{"x":0.12682192027568818,"y":0.772556722164154,"z":-0.6015690565109253,"w":0.1611851006746292},"size":19.92868995666504,"orthographic":true}