{"cameraMode":{"drawMode":0,"name":"Shaded","section":"Shading Mode"},"sceneLighting":false,"audioPlay":false,"sceneViewState":{"showFog":true,"showMaterialUpdate":false,"showSkybox":false,"showFlares":true,"showImageEffects":true,"showParticleSystems":true},"in2DMode":false,"pivot":{"x":-4.0,"y":0.7875721454620361,"z":11.264383316040039},"rotation":{"x":-0.007248426787555218,"y":0.9924190640449524,"z":-0.0854179635643959,"w":-0.09020301699638367},"size":2.3371036052703859,"orthographic":true}