{"cameraMode":{"drawMode":0,"name":"Shaded","section":"Shading Mode"},"sceneLighting":true,"audioPlay":false,"sceneViewState":{"showFog":true,"showMaterialUpdate":false,"showSkybox":true,"showFlares":true,"showImageEffects":true,"showParticleSystems":true},"in2DMode":false,"pivot":{"x":-1.9830856323242188,"y":5.926640510559082,"z":5.706874847412109},"rotation":{"x":-0.006055508274585009,"y":0.9906761646270752,"z":-0.12732921540737153,"w":-0.049688927829265597},"size":25.058820724487306,"orthographic":true}