{"cameraMode":{"drawMode":0,"name":"Shaded","section":"Shading Mode"},"sceneLighting":false,"audioPlay":false,"sceneViewState":{"showFog":true,"showMaterialUpdate":false,"showSkybox":false,"showFlares":true,"showImageEffects":true,"showParticleSystems":true},"in2DMode":false,"pivot":{"x":1.66119384765625,"y":2.225379467010498,"z":5.714221954345703},"rotation":{"x":-0.01994856633245945,"y":0.976274847984314,"z":-0.10473321378231049,"w":-0.18887777626514436},"size":25.05882453918457,"orthographic":true}