{"cameraMode":{"drawMode":0,"name":"Shaded","section":"Shading Mode"},"sceneLighting":true,"audioPlay":false,"sceneViewState":{"showFog":true,"showMaterialUpdate":false,"showSkybox":true,"showFlares":true,"showImageEffects":true,"showParticleSystems":true},"in2DMode":false,"pivot":{"x":-1.2527714967727662,"y":0.8853802680969238,"z":-2.819622039794922},"rotation":{"x":0.01861431449651718,"y":0.9793097972869873,"z":-0.17543423175811768,"w":0.10103997588157654},"size":12.001245498657227,"orthographic":true}