{"cameraMode":{"drawMode":0,"name":"Shaded","section":"Shading Mode"},"sceneLighting":true,"audioPlay":false,"sceneViewState":{"showFog":true,"showMaterialUpdate":false,"showSkybox":true,"showFlares":true,"showImageEffects":true,"showParticleSystems":true},"in2DMode":false,"pivot":{"x":-1.0578974485397339,"y":2.651933431625366,"z":-1.067183494567871},"rotation":{"x":-0.7114564180374146,"y":0.029089078307151796,"z":-0.03030901588499546,"w":-0.701718807220459},"size":4.532511234283447,"orthographic":true}