{"cameraMode":{"drawMode":0,"name":"Shaded","section":"Shading Mode"},"sceneLighting":false,"audioPlay":false,"sceneViewState":{"showFog":true,"showMaterialUpdate":false,"showSkybox":false,"showFlares":true,"showImageEffects":true,"showParticleSystems":true},"in2DMode":false,"pivot":{"x":7.41518497467041,"y":1.6807048320770264,"z":11.264383316040039},"rotation":{"x":-0.022240111604332925,"y":-0.9697421193122864,"z":0.22528482973575593,"w":-0.09358137845993042},"size":3.8562235832214357,"orthographic":true}