{"cameraMode":{"drawMode":0,"name":"Shaded","section":"Shading Mode"},"sceneLighting":false,"audioPlay":false,"sceneViewState":{"showFog":true,"showMaterialUpdate":false,"showSkybox":false,"showFlares":true,"showImageEffects":true,"showParticleSystems":true},"in2DMode":false,"pivot":{"x":9.220000267028809,"y":1.2599999904632569,"z":8.579999923706055},"rotation":{"x":-0.1503692865371704,"y":0.05565279722213745,"z":0.00880696065723896,"w":0.9871053099632263},"size":2.8578836917877199,"orthographic":true}