{"cameraMode":{"drawMode":0,"name":"Shaded","section":"Shading Mode"},"sceneLighting":true,"audioPlay":false,"sceneViewState":{"showFog":true,"showMaterialUpdate":false,"showSkybox":true,"showFlares":true,"showImageEffects":true,"showParticleSystems":true},"in2DMode":false,"pivot":{"x":7.41518497467041,"y":1.6807048320770264,"z":11.261800765991211},"rotation":{"x":-0.0005196667043492198,"y":-0.9960047006607056,"z":0.09019409865140915,"w":-0.0017947542946785689},"size":3.577188491821289,"orthographic":true}